user_prompt,output,timestamp
"Quais tipos de solo existem no Brasil e suas caracteristicas

","O Brasil é um país com uma grande variedade de solos, devido à sua extensa área territorial e à diversidade de climas e relevo. Segundo a Classificação Brasileira de Solos (CBS), há cerca de 1.200 tipos de solos no país. Aqui estão alguns dos principais tipos de solos encontrados no Brasil e suas características:

1. Solos Latossólicos:
	* Caracterizados por uma alta propriedade de troca de íons e uma boa fertilidade natural.
	* Comum em regiões com clima tropical e subtropical, como o Cerrado e a Amazônia.
2. Solos Argilossólicos:
	* Ricos em argila e pobre em nutrientes.
	* Comum em regiões com clima tropical e subtropical, como o Cerrado e a Amazônia.
3. Solos Podzólicos:
	* Caracterizados por uma camada superficial rica em matéria orgânica e uma camada inferior pobre em nutrientes.
	* Comum em regiões com clima temperado, como o Sul do Brasil.
4. Solos Cambissólicos:
	* Caracterizados por uma mistura de argila e areia e uma boa fertilidade natural.
	* Comum em regiões com clima tropical e subtropical, como o Cerrado e a Amazônia.
5. Solos Neossólicos:
	* Formados a partir da decomposição de rochas e sedimentos.
	* Comum em regiões com clima tropical e subtropical, como o Cerrado e a Amazônia.
6. Solos Ferralsólicos:
	* Caracterizados por uma alta propriedade de troca de íons e uma boa fertilidade natural.
	* Comum em regiões com clima tropical e subtropical, como o Cerrado e a Amazônia.
7. Solos Gleyssólicos:
	* Caracterizados por uma alta propriedade de troca de íons e uma boa fertilidade natural.
	* Comum em regiões com clima tropical e subtropical, como o Cerrado e a Amazônia.
8. Solos Plintossólicos:
	* Caracterizados por uma camada superficial rica em matéria orgânica e uma camada inferior pobre em nutrientes.
	* Comum em regiões com clima temperado, como o Sul do Brasil.
9. Solos Planossólicos:
	* Caracterizados por uma camada superficial rica em matéria orgânica e uma camada inferior pobre em nutrientes.
	* Comum em regiões com clima tropical e subtropical, como o Cerrado e a Amazônia.

Esses são apenas alguns exemplos dos principais tipos de solos encontrados no Brasil. É importante lembrar que a classificação de solos pode variar dependendo da região e da metodologia utilizada. Além disso, a caracterização de um solo pode ser influenciada por fatores como a topografia, a vegetação e a precipitação.",2025-02-18 19:22:43.595442
